Algorithm,Cost_UPR,Peak_UPR,Total_Time
G-Poly-Transform-Det,3.544633011729479e-14,0.05456517914108258,20.393991708755493
