Algorithm,Cost_UPR,Peak_UPR,Cost_Time,Peak_Time
G-Poly-Transform-Det,-1.4804949437901964e-14,0.06208726536236983,2.6507010459899902,22.189375400543213
