Algorithm,Cost_UPR,Peak_UPR,Cost_Time,Peak_Time
Inner Homothets,10.930209156259842,7.3869645997198266,5.410711945368071,6.449538766072969
Zonotope,108.31924233099937,103.4040323029512,4.858904682097956,6.470309175552801
G-Poly-Transform-Det,4.7261773489726385e-14,0.05292587584055986,0.018503665924072266,1.6705057621002197
