Algorithm,Cost_UPR,Peak_UPR,Total_Time
G-Poly-Transform-Det,-3.3515180251551335,73.68511127441161,3.7322962284088135
